region,region_code,period,pct_phys_any_ehr,pct_phys_cert_ehr,pct_primary_care_phys_cert_ehr,pct_surg_med_spec_phys_cert_ehr,pct_small_practice_phys_cert_ehr,pct_phys_send_receive_any_patient_info,pct_phys_patient_secure_message,pct_phys_vdt,pct_phys_vd_and_t,pct_phys_find_clin_info,pct_phys_send_any_clin_info,pct_phys_send_summary_care_record,pct_phys_receive_any_clin_info,pct_phys_receive_summary_care_record,pct_phys_integrate_any_clin_info,pct_phys_integrate_summary_care_record,pct_phys_info_available,pct_phys_use_info,pct_phys_search_vax,pct_phys_search_scr,pct_phys_epcs,pct_phys_pdmp,pct_phys_erx,pct_phys_basic_ehr,pct_primary_care_phys_basic_ehr,pct_rural_phys_basic_ehr,pct_small_practice_phys_basic_ehr,pct_phys_view_labs,pct_phys_send_lab_orders,pct_phys_graph_labs,pct_phys_e_share_provs,pct_phys_e_share_ambu_provs,pct_phys_e_share_hosps,pct_phys_e_share_patients,pct_phys_patient_clinical_summary
National,US,2019,0.8991,0.7234,0.7547,0.695,0.7009,0.4235,0.6761,0.6515,0.1101,0.4864,0.3842,0.2711,0.3976,0.3113,0.294,0.1959,0.1473,0.2608,0.2779,0.3927,0.3967,0.6756,0.8869,,,,,,,,,,,,
Alabama,AL,2019,,,,,,,,,,,,,,,,,,,,,,,,,,,,,,,,,,,
Alaska,AK,2019,,0.7004298,0.72222221,0.66821295,0.65328383,0.33270943,0.76469785,0.73183578,0.099279016,0.46873254,0.3989878,0.20042977,0.39884925,0.26656958,0.2645593,0.13227965,0.033139192,0.16715202,0.26656958,0.33617577,0.4452889,,,,,,,,,,,,,,
Arizona,AZ,2019,1,0.74122041,0.60845298,0.81398022,0.82569522,0.31711984,0.67052305,0.79439008,0.12322576,0.50406617,0.31776118,0.27936715,0.31776118,0.27936715,0.32513449,0.23598929,0.1201659,0.23969047,0.16657455,0.46503082,0.85418278,0.59434724,1,,,,,,,,,,,,
Arkansas,AR,2019,,0.58376753,0.5682463,0.60192555,0.64969289,0.2112004,0.69411659,0.66283846,0.17026399,0.45651406,0.27583581,0.27583581,0.24363381,0.24363381,0.036241923,0.036241923,0.036241923,0.10762017,0.2499585,0.39187866,0.36106017,,,,,,,,,,,,,,
California,CA,2019,,,,,,,,,,,,,,,,,,,,,,,,,,,,,,,,,,,
Colorado,CO,2019,,0.73263234,,0.65757585,0.68482089,0.49670237,,,,0.49649286,0.39424533,0.30760348,0.43159604,0.3020196,0.41895211,0.25471142,0.19119905,0.27226931,,0.35643089,0.55451465,0.7321949,,,,,,,,,,,,,
Connecticut,CT,2019,,,,,,,,,,,,,,,,,,,,,,,,,,,,,,,,,,,
Delaware,DE,2019,0.88627756,0.69286633,0.69193226,0.69444209,0.62250102,0.46951786,0.80066609,0.74121916,0.1328893,0.51647192,0.22775382,0.19157013,0.42116505,0.28827575,0.38574746,0.24068902,0.084536493,0.36171812,0.1930875,0.45702499,0.64859277,0.6758495,0.89220029,,,,,,,,,,,,
District Of Columbia,DC,2019,0.80674583,0.73456544,0.87527478,0.64475405,0.72742832,0.4117704,0.48536968,0.70191079,0.16936679,0.19295394,0.2651343,0.19295394,0.36232072,0.29014036,0.16936679,0.048593212,0.048593212,0.24154715,0.072180361,0.14436072,0.052373555,0.33959004,0.73456544,,,,,,,,,,,,
Florida,FL,2019,,,,,,,0.64942998,,0.17449899,,,0.18330517,,,,0.18423147,0.072829932,0.13475136,0.15063681,0.16712029,,,,,,,,,,,,,,,
Georgia,GA,2019,,,,,,0.44661897,0.66243654,0.59649718,,0.43760613,0.49299404,0.46252415,0.49387234,0.43600002,0.19530897,0.16483907,0.13655829,,0.18373951,0.3772074,,0.61884689,,,,,,,,,,,,,
Hawaii,HI,2019,,,,,,0.51072747,,,0.11672262,0.45611122,0.39366874,0.18857758,0.43755752,0.35075885,0.42138004,0.38919765,0.03218241,0.39464763,0.2584382,0.37254989,0.21981652,0.59816891,,,,,,,,,,,,,
Idaho,ID,2019,,,,,,,,,,,,,,,,,,,,,,,,,,,,,,,,,,,
Illinois,IL,2019,0.85942888,0.76719511,0.73630273,0.80160964,0.65759623,0.57696635,0.76558352,0.7773177,0.23260801,0.42244303,0.53004366,0.25961459,0.53004366,0.35306618,0.53029174,0.2962178,0.30897301,0.2972388,0.18568534,0.28079972,0.2465023,0.48346359,0.95307732,,,,,,,,,,,,
Indiana,IN,2019,,,,,,,,,,,,,,,,,,,,,,,,,,,,,,,,,,,
Iowa,IA,2019,,,,,,,,,,,,,,,,,,,,,,,,,,,,,,,,,,,
Kansas,KS,2019,,,,,,,,,,,,,,,,0.063951395,,,,,,,,,,,,,,,,,,,
Kentucky,KY,2019,,,,,,,,,,,,,,,,,,,,,,,,,,,,,,,,,,,
Louisiana,LA,2019,,,,,,,,,,,,,,,,,,,,,,,,,,,,,,,,,,,
Maine,ME,2019,,,,,,,,,,,,,,,,,0.036605529,,,,,,,,,,,,,,,,,,
Maryland,MD,2019,,,,,,,,,,,,,,,,,,,,,,,,,,,,,,,,,,,
Massachusetts,MA,2019,,,,,,,,,,,,,,,,,,,,,,,,,,,,,,,,,,,
Michigan,MI,2019,0.95707947,0.61437196,0.80419075,0.46122554,0.64915556,0.51621908,0.70101047,0.73265117,0.043717969,0.51406127,0.52693599,0.44165787,0.48321804,0.34486532,0.13035645,0.13035645,0.043717969,0.30114734,0.12979358,0.47170365,0.49677834,0.914159,0.91472185,,,,,,,,,,,,
Minnesota,MN,2019,,,,,,,,,,,,,,,,,,,,,,,,,,,,,,,,,,,
Mississippi,MS,2019,,0.64473832,0.64404041,0.64521182,0.61780977,0.21231343,0.54247802,0.58129412,0.10880553,0.30943131,0.14185497,0.14185497,0.18020205,0.18020205,0.10974359,0.070927486,,0.14185497,0.13016732,0.27108425,0.26503268,0.70522577,,,,,,,,,,,,,
Missouri,MO,2019,,,,,,,,,,,,,,,,,,,,,,,,,,,,,,,,,,,
Montana,MT,2019,,,,,,,,,0.05561408,,,0.15880007,0.17311014,0.096930139,0.12373988,0.061869938,0.030934969,0.16670261,,,,,,,,,,,,,,,,,
Nebraska,NE,2019,,,,,,,,,,,,,,,,,,,,,,,,,,,,,,,,,,,
Nevada,NV,2019,1,0.75793087,0.61658287,0.82881004,0.74106789,0.46900302,0.56103998,0.88598365,0.11107581,0.32287452,0.47010177,0.40607539,0.42121059,0.24426664,0.27288458,0.11291757,0.11291757,0.11401634,0.17804272,0.22693391,0.29586717,0.84209484,1,,,,,,,,,,,,
New Hampshire,NH,2019,0.95625186,0.74062157,0.56541002,0.82865429,0.84082568,0.54810023,0.80847633,0.74164677,0.080622718,0.4006204,0.37322709,0.37322709,0.58527058,0.49533203,0.23732929,0.074916527,0.21512622,0.42128709,0.11866464,0.26041073,0.3098065,0.78569061,0.95625186,,,,,,,,,,,,
New Jersey,NJ,2019,,,,,,,,,,,,,,,,,,,,,,,,,,,,,,,,,,,
New Mexico,NM,2019,0.90384138,0.69873339,0.75009954,0.46352449,0.64212263,0.41017401,0.66267395,0.66267395,0,0.30993122,0.4082315,0.25018874,0.51078546,0.40401971,0.30340824,0.25213125,0.051276989,0.20931974,0.30993122,0.30993122,0.22773485,0.84936672,0.90384138,,,,,,,,,,,,
New York,NY,2019,,,,,,,,,,,,,,,,,,,,,,,,,,,,,,,,,,,
North Carolina,NC,2019,,,,0.57206494,0.60071295,0.62853718,,0.74179989,0.1520918,0.58718926,0.4044328,0.25562617,0.55652457,0.34230706,0.46421224,0.30889601,0.27077255,0.44326186,0.37281895,0.54836023,0.69690639,0.71119601,,,,,,,,,,,,,
North Dakota,ND,2019,,,,,,,,,,,,,,,,,,,,,,,,,,,,,,,,,,,
Ohio,OH,2019,,,,,,,,,,,,,,,,,,,,,,,,,,,,,,,,,,,
Oklahoma,OK,2019,,,,,,,,,,,,,,,,,,,,,,,,,,,,,,,,,,,
Oregon,OR,2019,,,,,,,,,,,,,,,,,,,,,,,,,,,,,,,,,,,
Pennsylvania,PA,2019,0.90608239,0.68439794,0.59622025,0.74079734,0.66995442,0.4825345,0.7521435,0.7913301,0.052695967,0.55916375,0.32502034,0.18836193,0.36882475,0.26343283,0.285281,0.15751415,0.12776686,0.26442528,0.29675534,0.55916375,0.45301545,0.65670669,0.90608239,,,,,,,,,,,,
Rhode Island,RI,2019,,0.67522061,,0.51949352,0.54333091,0.50207108,0.71095532,0.59593147,0.03395699,0.46624234,0.43137836,0.21734293,0.46400577,0.29632932,0.24517184,0.11008756,0.072022274,0.36075616,0.28634441,0.39641291,0.4342069,0.58400118,,,,,,,,,,,,,
South Carolina,SC,2019,,,,,,,,,,,,,,,,,,,,,,,,,,,,,,,,,,,
South Dakota,SD,2019,,,,,,0.55518466,,,0.12993519,,0.47886187,,0.50334197,,0.1044234,0.053399805,0.16170745,,,,0.60361236,,,,,,,,,,,,,,
Tennessee,TN,2019,,,,,,,,,,,,,,,,,,,,,,,,,,,,,,,,,,,
Texas,TX,2019,0.78904963,0.48082227,0.37031612,0.78613281,0.43826759,0.36486247,0.48082227,0.47535682,0.051371232,0.30170879,0.26322046,0.25626013,0.27691036,0.27691036,0.13595933,0.13595933,0.10530104,0.19640774,0.24777897,0.23870179,0.31426612,0.50364351,0.78904963,,,,,,,,,,,,
Utah,UT,2019,0.91520554,0.79206532,0.7769109,0.8090452,0.71095067,0.3839882,0.83075625,0.87591183,0.082282916,0.32976893,0.29607946,0.20637107,0.38087389,0.33632109,0.1751056,0.1358119,0.03929371,0.22060634,0.25334787,0.32976893,0.58992976,0.7571044,0.91520554,,,,,,,,,,,,
Vermont,VT,2019,,,,,,,,,,,,,,,,,0.032935847,,,,,,,,,,,,,,,,,,
Virginia,VA,2019,,,,,,,,,,,,,,,,,,,,,,,,,,,,,,,,,,,
Washington,WA,2019,,,,,,,,,,,,,,,,,,,,,,,,,,,,,,,,,,,
West Virginia,WV,2019,,,,,,,,,,,,,,,,,,,,,,,,,,,,,,,,,,,
Wisconsin,WI,2019,,,,,,,,,,,,,,,,,,,,,,,,,,,,,,,,,,,
Wyoming,WY,2019,,0.62099987,0.65616274,0.57889163,0.62099987,0.19786322,0.57624388,0.6955663,0.033703722,0.3051888,0.13410833,0.095471129,0.13410833,0.095471129,,0.10676515,,0.096031547,0.16742791,0.10732558,0.47848019,0.59094328,,,,,,,,,,,,,
Alabama,AL,2017,0.82725108,0.78551835,,,,0.32334599,,,,,0.32334599,0.23171073,0.25149557,,0.28473827,0.2137547,,,,,,,,,,,,,,,,,,,
Alaska,AK,2017,0.90825665,0.73284978,,,,0.39842111,0.57769078,,,0.57150376,0.28538245,0.29438648,0.35103342,0.32991913,0.26352504,0.19370879,,,,,,,,,,,,,,,,,,,
Arizona,AZ,2017,0.90810537,0.77935451,,,,0.4054819,0.60055047,,,0.5058654,0.36342523,0.23294388,0.26063496,0.25853032,0.22206399,0.17568804,,,,,,,,,,,,,,,,,,,
Arkansas,AR,2017,0.86319554,0.84415573,,,,0.39514056,0.66230983,,,0.47003487,0.31200084,0.33673152,0.31183475,0.41626543,0.37113258,0.3501713,,,,,,,,,,,,,,,,,,,
California,CA,2017,0.78775132,0.72919673,,,,0.38517499,0.67193651,,,,0.21134858,,0.30228007,,0.23347107,,,,,,,,,,,,,,,,,,,,
Colorado,CO,2017,0.90466458,0.86234069,,,,,0.7482872,,,,,,,,0.27308768,0.21428606,,,,,,,,,,,,,,,,,,,
Connecticut,CT,2017,0.88213432,0.80743778,,,,0.54386997,0.62428141,,,0.5742234,0.43992963,0.26298058,0.42753714,0.32442701,0.23694377,,,,,,,,,,,,,,,,,,,,
Delaware,DE,2017,0.86661303,0.71835387,,,,0.42449668,0.57946306,,,0.72233492,0.28549644,0.26132828,0.39419079,0.33354336,0.23383456,0.18133508,,,,,,,,,,,,,,,,,,,
District Of Columbia,DC,2017,,,,,,,,,,,,,,,,,,,,,,,,,,,,,,,,,,,
Florida,FL,2017,0.85952133,0.7977674,,,,0.40325186,0.64287138,,,0.36206475,0.29992875,,0.30784762,0.16658331,0.23126936,,,,,,,,,,,,,,,,,,,,
Georgia,GA,2017,0.89182645,0.85587925,,,,0.37881878,0.74929607,,,0.5497002,0.32648799,0.19104095,0.28004271,0.21130818,0.22735953,0.15546528,,,,,,,,,,,,,,,,,,,
Hawaii,HI,2017,0.88394243,0.80953258,,,,0.50788713,0.67302585,,,0.63615322,0.4421021,0.22637951,0.48396814,0.3274869,0.34792894,0.25110894,,,,,,,,,,,,,,,,,,,
Idaho,ID,2017,0.81216598,0.81216598,,,,0.54722518,0.77106899,,,0.61294538,0.4966163,0.33766782,0.39948857,0.38940582,0.27015319,0.20085202,,,,,,,,,,,,,,,,,,,
Illinois,IL,2017,0.90719497,0.83552271,,,,0.47345462,0.65028822,,,0.48534176,0.38101134,0.22756857,0.40992206,0.34847128,0.2591731,0.1727193,,,,,,,,,,,,,,,,,,,
Indiana,IN,2017,0.94631273,0.86172408,,,,,0.69733989,,,,,0.26615357,,,,0.26518485,,,,,,,,,,,,,,,,,,,
Iowa,IA,2017,0.88934654,0.84218991,,,,0.48128179,0.71327293,,,0.68830168,0.40453345,0.23272702,0.40494543,0.32743105,0.24125005,0.15820636,,,,,,,,,,,,,,,,,,,
Kansas,KS,2017,0.93257928,0.8176617,,,,0.5169996,0.68118399,,,0.46401262,0.38007867,0.28167629,0.4480308,0.33344844,0.36907908,0.32554933,,,,,,,,,,,,,,,,,,,
Kentucky,KY,2017,0.83041394,0.72994679,,,,,,,,,,0.26793092,,0.21980409,0.29234368,0.29234368,,,,,,,,,,,,,,,,,,,
Louisiana,LA,2017,0.83709002,0.81084681,,,,0.63638413,0.75685668,,,0.57430005,0.59201348,0.42447546,,0.40581656,0.41444463,0.34276369,,,,,,,,,,,,,,,,,,,
Maine,ME,2017,0.80588484,0.778256,,,,,,,,,,,,,,,,,,,,,,,,,,,,,,,,,
Maryland,MD,2017,0.85811359,0.73117161,,,,0.40186256,0.67009747,,,0.50554985,0.27834734,0.23799688,0.25221068,0.25651738,0.27393851,0.25320843,,,,,,,,,,,,,,,,,,,
Massachusetts,MA,2017,0.94472545,0.88246447,,,,,0.69889921,,,,,,,0.27003464,0.27248412,,,,,,,,,,,,,,,,,,,,
Michigan,MI,2017,0.82999724,0.82999724,,,,0.43171409,0.7503072,,,0.58749497,0.31350651,0.27564955,0.36554593,0.31911975,0.28205684,0.21044779,,,,,,,,,,,,,,,,,,,
Minnesota,MN,2017,0.97778922,0.92423546,,,,0.71306145,0.86117369,,,0.68164396,0.56024647,0.30218342,0.62380904,0.37006187,0.37501189,0.29156369,,,,,,,,,,,,,,,,,,,
Mississippi,MS,2017,0.82033205,0.78066629,,,,0.47480372,0.62992167,,,0.38612321,0.41122049,0.30538327,0.3782354,0.39154941,0.24717641,0.22948352,,,,,,,,,,,,,,,,,,,
Missouri,MO,2017,0.90519476,0.75400513,,,,0.31676686,0.63351816,,,0.42734122,0.22470516,0.20384945,0.23679273,0.27282768,0.19555709,0.17129727,,,,,,,,,,,,,,,,,,,
Montana,MT,2017,0.8775264,0.84148222,,,,0.5315609,0.74368453,,,0.36908531,0.49440366,0.39256647,0.37148914,0.42212602,0.36956593,0.26986924,,,,,,,,,,,,,,,,,,,
National,US,2017,0.859,0.797,,,,0.4624385,0.68423027,,,0.52744848,0.3588773,0.23632491,0.37729779,0.28912449,0.27649447,0.2052191,,,,,,,,,,,,,,,,,,,
Nebraska,NE,2017,0.9482221,0.81010312,,,,0.41405302,0.72503489,,,0.56946361,0.34473458,0.22392705,0.3086375,0.22796233,0.31498349,0.22985849,,,,,,,,,,,,,,,,,,,
Nevada,NV,2017,,,,,,,,,,,,,,,,,,,,,,,,,,,,,,,,,,,
New Hampshire,NH,2017,0.87581336,0.80508929,,,,0.45777327,0.72052473,,,0.44343466,0.37302822,0.19951347,0.43937895,0.25445485,,,,,,,,,,,,,,,,,,,,,
New Jersey,NJ,2017,0.73340958,0.66762745,,,,0.40235159,0.50785214,,,0.41876188,0.38162503,0.23679058,0.31967232,0.19273083,0.30938095,0.22477104,,,,,,,,,,,,,,,,,,,
New Mexico,NM,2017,0.90319973,0.78147256,,,,,,,,,,,,,,,,,,,,,,,,,,,,,,,,,
New York,NY,2017,0.70972681,0.64141715,,,,0.37280405,0.64150304,,,,0.21981679,,0.2902016,0.27080387,0.20287228,,,,,,,,,,,,,,,,,,,,
North Carolina,NC,2017,0.95853233,0.95853233,,,,0.56947297,0.76942307,,,0.61778718,0.50210398,0.29449847,0.38438383,0.33529153,0.38021025,0.23367842,,,,,,,,,,,,,,,,,,,
North Dakota,ND,2017,0.96092457,0.91407365,,,,0.60924327,0.71544248,,,0.62806815,0.51141727,0.37105015,0.54423326,0.38637444,0.30521712,0.24785091,,,,,,,,,,,,,,,,,,,
Ohio,OH,2017,0.84429246,0.81371152,,,,,0.72772908,,,,,,,,0.30130821,0.30130821,,,,,,,,,,,,,,,,,,,
Oklahoma,OK,2017,0.9181127,0.8112849,,,,0.55016029,0.69007587,,,0.39103645,0.40526354,0.30586928,0.45470816,0.30815104,0.27959368,0.24101634,,,,,,,,,,,,,,,,,,,
Oregon,OR,2017,0.92576134,0.90066332,,,,0.64566016,0.77643251,,,0.80342156,0.48567557,0.34655952,0.60628206,0.51861405,0.4827404,0.440956,,,,,,,,,,,,,,,,,,,
Pennsylvania,PA,2017,0.85829735,0.83076066,,,,,0.78148818,,,,,0.28141177,,0.27916867,,,,,,,,,,,,,,,,,,,,,
Rhode Island,RI,2017,0.86993116,0.74533403,,,,,,,,,0.38587886,0.22017698,0.3423357,0.2627036,,,,,,,,,,,,,,,,,,,,,
South Carolina,SC,2017,0.978827,0.92824602,,,,,0.76662058,,,,,,,0.24988575,0.35545495,0.2335127,,,,,,,,,,,,,,,,,,,
South Dakota,SD,2017,0.95669454,0.87512922,,,,0.47978219,0.7391153,,,0.42878598,0.40706474,0.32957703,0.43607092,0.3577781,0.25637102,0.17610005,,,,,,,,,,,,,,,,,,,
Tennessee,TN,2017,0.84101379,0.73222828,,,,0.49064067,0.61208564,,,0.56144726,0.34348863,0.30081514,0.40184888,0.31275648,,,,,,,,,,,,,,,,,,,,,
Texas,TX,2017,0.8609702,0.82116061,,,,0.43279487,0.66624522,,,0.57646728,0.36901158,0.33366802,0.41400656,0.36679959,0.35317695,0.2702544,,,,,,,,,,,,,,,,,,,
Utah,UT,2017,0.94486278,0.85363632,,,,0.42646557,0.65360487,,,0.48872256,0.25467241,0.19424251,0.30611867,0.19309853,0.21866199,,,,,,,,,,,,,,,,,,,,
Vermont,VT,2017,0.91211915,0.86568481,,,,0.51850468,0.84257901,,,0.59614861,0.39164329,,0.42947719,0.27529863,0.24637787,0.17470625,,,,,,,,,,,,,,,,,,,
Virginia,VA,2017,0.94609582,0.85966784,,,,0.55719268,0.69513011,,,0.60805231,0.4348146,0.21604657,0.51341021,0.34137163,0.29932907,0.22541887,,,,,,,,,,,,,,,,,,,
Washington,WA,2017,0.90964711,0.78090441,,,,0.58576906,0.70071405,,,0.67147046,0.49853039,0.37181821,0.54835743,0.40953159,0.45698479,0.32479778,,,,,,,,,,,,,,,,,,,
West Virginia,WV,2017,0.95117003,0.95117003,,,,0.51871765,0.7355271,,,0.62856716,0.43556949,0.27902266,0.42788747,0.36989135,0.30357507,0.24189322,,,,,,,,,,,,,,,,,,,
Wisconsin,WI,2017,0.97535157,0.91018516,,,,,0.89470875,,,0.73477566,,,,,,,,,,,,,,,,,,,,,,,,,
Wyoming,WY,2017,0.90358776,0.80306441,,,,0.55905563,0.74202937,,,0.38560233,0.44845477,0.21660928,0.45826295,0.21292767,0.21081194,0.18311724,,,,,,,,,,,,,,,,,,,
Alabama,AL,2015,0.834,0.781,0.707625428,0.845477372,0.733585435,0.311413873,0.544631956,0.599657017,0.179843907,0.379138531,0.298738448,0.131430342,0.249739136,0.130934307,0.195901833,0.086895953,,,,,,,,0.365,,,,,,,,,,0.658287171,
Alaska,AK,2015,0.829,0.712,0.781998903,0.55914038,0.539732053,0.390080924,0.518779589,0.501125199,0.216419837,0.463656532,0.325530356,0.111068069,0.29277987,0.135781353,0.179832794,0.086871143,,,,,,,,0.464,,,,,,,,,,0.564221166,
Arizona,AZ,2015,0.798,0.744,0.890182376,0.619637088,0.675878653,0.614471338,0.697919097,0.666897024,0.158562191,0.3759411,0.563085248,0.254781029,0.405893363,0.272862009,0.441018908,0.203364416,,,,,,,,0.504,,,,,,,,,,0.735758182,
Arkansas,AR,2015,0.962,0.853,0.821271831,0.885539342,0.776549351,0.360622282,0.677703404,0.703181576,0.205814949,0.346888561,0.273733531,0.283167255,0.307905151,0.288104841,0.437829978,0.113065717,,,,,,,,0.456,,,,,,,,,,0.781513042,
California,CA,2015,0.821,0.765,0.836065395,0.705544196,0.735324883,0.47304463,0.630202342,0.656900958,0.12607206,0.317943963,0.391397878,0.211805687,0.374729152,0.231749404,0.277747644,0.080131466,,,,,,,,0.494,,,,,,,,,,0.69645032,
Colorado,CO,2015,0.931,0.896,0.934068778,0.860731719,0.822435313,0.566634139,0.82595099,0.729137871,0.170008339,0.474730484,0.401826677,0.305524456,0.474728478,0.37792655,0.362197201,0.167658484,,,,,,,,0.602,,,,,,,,,,0.840304141,
Connecticut,CT,2015,0.826,0.748,0.868650378,0.652514034,0.647986567,0.325380996,0.548263906,0.607494934,0.119435922,0.356675658,0.227487526,0.104835174,0.267902823,0.147920074,0.248102005,0.06111971,,,,,,,,0.468,,,,,,,,,,0.674704096,
Delaware,DE,2015,0.988,0.826,0.863472422,0.793159442,0.81751035,0.543974184,0.801360314,0.784231467,0.132267279,0.549748363,0.401461519,0.181600622,0.462858353,0.23012787,0.493452365,0.187478534,,,,,,,,0.544,,,,,,,,,,0.891290785,
District Of Columbia,DC,2015,0.764,0.663,0.704280214,0.641054073,0.591319724,0.354882574,0.612160806,0.539196265,0.172480872,0.164425342,0.264202265,0.150356533,0.331955965,0.151716161,0.199720369,0.123209032,,,,,,,,0.444,,,,,,,,,,0.652735172,
Florida,FL,2015,0.847,0.791,0.812388194,0.76804908,0.770820112,0.482405725,0.613538414,0.640952754,0.158569587,0.279908504,0.418145214,0.19752821,0.376447732,0.211471495,0.399618813,0.171845026,,,,,,,,0.481,,,,,,,,,,0.676722918,
Georgia,GA,2015,0.783,0.693,0.740547362,0.653017233,0.68720578,0.403097408,0.59369151,0.488044365,0.16124397,0.251059992,0.313245793,0.236451205,0.343771263,0.236451205,0.284193492,0.136826162,,,,,,,,0.508,,,,,,,,,,0.625411655,
Hawaii,HI,2015,0.866,0.708,0.732752964,0.679622639,0.622914679,0.492269815,0.555615775,0.525349736,0.102719194,0.361119197,0.415127413,0.124553051,0.378629484,0.153626118,0.268666898,0.064510575,,,,,,,,0.558,,,,,,,,,,0.589578463,
Idaho,ID,2015,0.889,0.812,0.857350661,0.766175409,0.716103388,0.320936838,0.60498795,0.559628597,0.124775548,0.387095349,0.204519539,0.126253301,0.307793506,0.194543683,0.216791116,0.068497235,,,,,,,,0.47,,,,,,,,,,0.685996657,
Illinois,IL,2015,0.87,0.735,0.705900775,0.776101498,0.683793274,0.572475384,0.622573451,0.660020758,0.261126291,0.345438115,0.448673593,0.182598916,0.454286506,0.24473025,0.280999834,0.143474411,,,,,,,,0.685,,,,,,,,,,0.687976833,
Indiana,IN,2015,0.954,0.888,0.873714245,0.902738949,0.858012586,0.493991929,0.771701454,0.772057019,0.157181788,0.34726814,0.350702344,0.246109755,0.427108139,0.373781695,0.442417586,0.198401559,,,,,,,,0.689,,,,,,,,,,0.836177329,
Iowa,IA,2015,0.913,0.808,0.849051457,0.761914243,0.684124851,0.504588188,0.806740095,0.763676505,0.233769523,0.38729858,0.478148539,0.268174737,0.39516704,0.279993484,0.297439109,0.179590148,,,,,,,,0.669,,,,,,,,,,0.850562555,
Kansas,KS,2015,0.915,0.83,0.813426841,0.855292967,0.842345976,0.507635211,0.769540358,0.829434855,0.182588005,0.397444495,0.41007362,0.207138108,0.423447726,0.197567093,0.283539806,0.096685474,,,,,,,,0.694,,,,,,,,,,0.862524007,
Kentucky,KY,2015,0.968,0.842,0.973528396,0.738079392,0.781502962,0.408963139,0.632801923,0.704969548,0.133242443,0.306758081,0.290913392,0.186864488,0.34535742,0.292543626,0.309951096,0.156222331,,,,,,,,0.536,,,,,,,,,,0.752615326,
Louisiana,LA,2015,0.748,0.693,0.624766031,0.738251088,0.618814588,0.326627708,0.56814203,0.600311625,0.169900578,0.319306178,0.271280799,0.152410081,0.241466029,0.208791983,0.215865957,0.121628951,,,,,,,,0.403,,,,,,,,,,0.67252741,
Maine,ME,2015,0.831,0.734,0.805597446,0.646464337,0.687794211,0.50257238,0.657806991,0.623199991,0.136190203,0.307515275,0.414361776,0.21947942,0.440739165,0.247720329,0.269192785,0.114565717,,,,,,,,0.452,,,,,,,,,,0.756988398,
Maryland,MD,2015,0.825,0.734,0.79318713,0.709880877,0.73826769,0.459237353,0.63172183,0.615690048,0.161875226,0.485840289,0.391279057,0.224737201,0.365995646,0.200418763,0.297316821,0.139451653,,,,,,,,0.483,,,,,,,,,,0.706574778,
Massachusetts,MA,2015,0.949,0.899,0.971875727,0.835486775,0.860778588,0.607222633,0.735279964,0.741240886,0.222856234,0.298348286,0.44620888,0.262039522,0.535370724,0.350033554,0.331251974,0.169092287,,,,,,,,0.494,,,,,,,,,,0.81561374,
Michigan,MI,2015,0.903,0.849,0.815467149,0.888629638,0.843408058,0.600192982,0.78563992,0.810513978,0.204651074,0.447256921,0.498397232,0.177790235,0.476163673,0.290119772,0.336725031,0.162109825,,,,,,,,0.628,,,,,,,,,,0.868984715,
Minnesota,MN,2015,0.977,0.889,0.922066574,0.85541537,0.760044836,0.610939419,0.801732002,0.869714287,0.204675868,0.431283723,0.457758308,0.230363825,0.550435348,0.283070514,0.252747009,0.086908828,,,,,,,,0.792,,,,,,,,,,0.886750726,
Mississippi,MS,2015,0.879,0.828,0.830351792,0.823963398,0.819751526,0.429814801,0.692821614,0.750542671,0.177111924,0.197882685,0.393391253,0.230774489,0.236755946,0.276803005,0.233486825,0.194685493,,,,,,,,0.637,,,,,,,,,,0.793804367,
Missouri,MO,2015,0.9,0.786,0.807115163,0.753884648,0.700674708,0.420254671,0.703661798,0.63324855,0.117752298,0.224671294,0.373935514,0.213448093,0.240630682,0.206144439,0.258853315,0.101418595,,,,,,,,0.6,,,,,,,,,,0.760208582,
Montana,MT,2015,0.833,0.747,0.786392683,0.716429891,0.727501053,0.454892793,0.658705052,0.636218618,0.191147173,0.328459922,0.390056504,0.231290268,0.389006267,0.244838543,0.183349201,0.097367351,,,,,,,,0.672,,,,,,,,,,0.747175002,
National,US,2015,0.869,0.779,0.809351274,0.751212424,0.722070834,0.477465423,0.636581561,0.651642412,0.164327623,0.340403351,0.382395484,0.210229545,0.382968081,0.245862026,0.310558342,0.126781438,,,,,,,,0.539,,,,,,,,,,0.713598414,
Nebraska,NE,2015,0.942,0.871,0.829090346,0.928762566,0.78381778,0.481270256,0.708477646,0.663368777,0.196758993,0.41012266,0.358146603,0.255306331,0.354861366,0.296886484,0.370686307,0.172688683,,,,,,,,0.569,,,,,,,,,,0.715844906,
Nevada,NV,2015,0.827,0.723,0.686305985,0.761275864,0.719484096,0.489963453,0.600342233,0.611425346,0.152649222,0.366100815,0.313057115,0.196358571,0.407397896,0.256608524,0.339325879,0.073010038,,,,,,,,0.405,,,,,,,,,,0.726136956,
New Hampshire,NH,2015,0.922,0.818,0.84359255,0.80275894,0.756406905,0.510753368,0.688668331,0.750175707,0.221881173,0.40818266,0.401349496,0.230403072,0.467888582,0.232700779,0.337037954,0.18474593,,,,,,,,0.715,,,,,,,,,,0.796995056,
New Jersey,NJ,2015,0.753,0.616,0.59694726,0.629941309,0.563848942,0.345130668,0.501691398,0.608703113,0.174189508,0.328602201,0.242959407,0.144885857,0.271344678,0.18979885,0.228378492,0.077454325,,,,,,,,0.333,,,,,,,,,,0.674503964,
New Mexico,NM,2015,0.95,0.822,0.849588105,0.778813444,0.714882606,0.471895627,0.667790367,0.732862857,0.148309301,0.309039466,0.357509944,0.190244497,0.318754396,0.27625059,0.414406568,0.202196288,,,,,,,,0.726,,,,,,,,,,0.765288483,
New York,NY,2015,0.864,0.745,0.79940601,0.699636813,0.585723863,0.420247116,0.40976488,0.478392062,0.115444113,0.235038705,0.299289882,0.155382066,0.297332223,0.150597269,0.315270301,0.037351323,,,,,,,,0.482,,,,,,,,,,0.514536462,
North Carolina,NC,2015,0.971,0.894,0.884600902,0.904863918,0.879811519,0.545028335,0.79940662,0.761400492,0.23173384,0.493062712,0.479460021,0.316819087,0.46845394,0.410942767,0.396134838,0.202266034,,,,,,,,0.664,,,,,,,,,,0.817325539,
North Dakota,ND,2015,0.935,0.838,0.866376245,0.811687267,0.786003633,0.553795352,0.810786353,0.816284733,0.225889605,0.415986027,0.374345181,0.380337626,0.509862675,0.383208074,0.317357335,0.15295111,,,,,,,,0.781,,,,,,,,,,0.857290084,
Ohio,OH,2015,0.871,0.764,0.779840831,0.748943411,0.727713665,0.562031253,0.688004933,0.720450258,0.132969756,0.471709871,0.455498105,0.15616333,0.461699243,0.265974593,0.356115308,0.21311712,,,,,,,,0.547,,,,,,,,,,0.742493791,
Oklahoma,OK,2015,0.871,0.771,0.885023636,0.62935083,0.729480808,0.381570667,0.643221402,0.597714249,0.153316487,0.225644198,0.349363331,0.195715052,0.327607325,0.200456003,0.316724142,0.123395194,,,,,,,,0.521,,,,,,,,,,0.715420111,
Oregon,OR,2015,0.836,0.777,0.817698708,0.761216232,0.615084624,0.622629461,0.76676986,0.805099751,0.234041721,0.607333555,0.505496006,0.395149625,0.599697323,0.46335983,0.441574752,0.17199874,,,,,,,,0.648,,,,,,,,,,0.805099751,
Pennsylvania,PA,2015,0.834,0.727,0.681276704,0.766960812,0.637984959,0.395165439,0.571440686,0.597856133,0.188401978,0.207970327,0.271330725,0.21639835,0.366856697,0.291495676,0.345640602,0.118089189,,,,,,,,0.5,,,,,,,,,,0.63648924,
Rhode Island,RI,2015,0.774,0.69,0.748199274,0.646995217,0.484846416,0.542581755,0.733465683,0.63485561,0.120662516,0.316631255,0.387721312,0.186325778,0.488517031,0.222069207,0.259496437,0.124845848,,,,,,,,0.469,,,,,,,,,,0.747313436,
South Carolina,SC,2015,0.859,0.768,0.832466833,0.706045645,0.654347484,0.517501993,0.679698635,0.68561029,0.243555795,0.275588149,0.464869694,0.318689544,0.37763326,0.31063734,0.302397005,0.140781032,,,,,,,,0.483,,,,,,,,,,0.742928854,
South Dakota,SD,2015,0.975,0.904,0.968962069,0.845071721,0.80565404,0.512313381,0.813389194,0.80193806,0.285369981,0.424805971,0.428213223,0.398686017,0.441859023,0.3973978,0.357445557,0.260541948,,,,,,,,0.727,,,,,,,,,,0.881492518,
Tennessee,TN,2015,0.874,0.802,0.832836966,0.777317545,0.805193722,0.439512045,0.732432978,0.695750783,0.230369847,0.311472624,0.398005178,0.199976299,0.298406852,0.20939921,0.286548687,0.135578326,,,,,,,,0.495,,,,,,,,,,0.761819992,
Texas,TX,2015,0.934,0.79,0.851335779,0.740973061,0.73800333,0.475579558,0.513298585,0.550220264,0.104247031,0.210248093,0.377071247,0.149308028,0.348944277,0.126427537,0.234420194,0.067882345,,,,,,,,0.541,,,,,,,,,,0.659420322,
Utah,UT,2015,0.874,0.734,0.761466021,0.70992649,0.690887457,0.423446583,0.706443551,0.725833445,0.207619645,0.342481368,0.335453225,0.168839349,0.29550654,0.173238438,0.285754713,0.140534091,,,,,,,,0.691,,,,,,,,,,0.758205861,
Vermont,VT,2015,0.858,0.793,0.893583556,0.641585614,0.623440462,0.452522916,0.755551545,0.742266257,0.072843278,0.3612607,0.37384326,0.136523866,0.388575586,0.154546451,0.282324008,0.08338512,,,,,,,,0.523,,,,,,,,,,0.755551545,
Virginia,VA,2015,0.859,0.734,0.699798551,0.747189155,0.754193277,0.390336901,0.610043714,0.608127106,0.230345099,0.476107073,0.32420574,0.270454201,0.310557814,0.307707149,0.308060277,0.234032896,,,,,,,,0.554,,,,,,,,,,0.724689887,
Washington,WA,2015,0.927,0.857,0.905878766,0.800609993,0.823454874,0.493027062,0.779453826,0.700656098,0.125601026,0.57624086,0.406267171,0.288539996,0.429243962,0.378800018,0.313019447,0.175033048,,,,,,,,0.569,,,,,,,,,,0.792297524,
West Virginia,WV,2015,0.834,0.753,0.715632513,0.792364248,0.695797321,0.4614622,0.612575474,0.613481315,0.185498064,0.331101375,0.364404468,0.197819139,0.372247658,0.279788152,0.290213941,0.11088805,,,,,,,,0.568,,,,,,,,,,0.700222506,
Wisconsin,WI,2015,0.932,0.832,0.894095352,0.751630465,0.864294932,0.654665255,0.830131598,0.800473475,0.105016041,0.540590895,0.503603977,0.377147749,0.654665255,0.374071188,0.347159758,0.133373759,,,,,,,,0.786,,,,,,,,,,0.860725377,
Wyoming,WY,2015,0.901,0.884,0.869876833,0.90222553,0.84967348,0.425696141,0.619658612,0.616639217,0.20644037,0.333689334,0.373783044,0.249571995,0.39450478,0.325588565,0.286617709,0.142472013,,,,,,,,0.588,,,,,,,,,,0.68296152,
Alabama,AL,2014,0.917,0.804,0.85079929,0.761396304,0.807284939,,0.495945369,,,,,,,,,,,,,,,,,0.49,,,,,,,0.45262484,,,,
Alaska,AK,2014,0.736,0.588,0.658371276,0.501685213,0.523091109,,0.358781466,,,,,,,,,,,,,,,,,0.446,,,,,,,0.35056053,,,,
Arizona,AZ,2014,0.853,0.811,0.750901081,0.853063488,0.803581118,,0.413730952,,,,,,,,,,,,,,,,,0.55,,,,,,,0.388005899,,,,
Arkansas,AR,2014,0.891,0.789,0.835817816,0.737200931,0.788832487,,0.54815864,,,,,,,,,,,,,,,,,0.473,,,,,,,0.360916025,,,,
California,CA,2014,0.801,0.724,0.866552084,0.582313174,0.700987086,,0.525604574,,,,,,,,,,,,,,,,,0.585,,,,,,,0.482374882,,,,
Colorado,CO,2014,0.825,0.676,0.764302981,0.59177338,0.642045455,,0.356324111,,,,,,,,,,,,,,,,,0.393,,,,,,,0.393675889,,,,
Connecticut,CT,2014,0.737,0.675,0.85149633,0.555683123,0.670906568,,0.437728102,,,,,,,,,,,,,,,,,0.449,,,,,,,0.415830292,,,,
Delaware,DE,2014,0.747,0.676,0.774750632,0.593055215,0.661551032,,0.333643376,,,,,,,,,,,,,,,,,0.452,,,,,,,0.425403265,,,,
District Of Columbia,DC,2014,0.695,0.651,0.88439864,0.474385286,0.603379323,,0.447349605,,,,,,,,,,,,,,,,,0.445,,,,,,,0.390038206,,,,
Florida,FL,2014,0.723,0.64,0.661347752,0.626749611,0.648299396,,0.410151515,,,,,,,,,,,,,,,,,0.372,,,,,,,0.373030303,,,,
Georgia,GA,2014,0.87,0.747,0.839142091,0.661657033,0.739715536,,0.525550354,,,,,,,,,,,,,,,,,0.525,,,,,,,0.392668592,,,,
Hawaii,HI,2014,0.784,0.642,0.733632248,0.547298999,0.601113836,,0.540203509,,,,,,,,,,,,,,,,,0.556,,,,,,,0.427870182,,,,
Idaho,ID,2014,0.829,0.74,0.737998164,0.741536283,0.70620941,,0.475589583,,,,,,,,,,,,,,,,,0.546,,,,,,,0.416725511,,,,
Illinois,IL,2014,0.876,0.803,0.77818765,0.826133415,0.799351877,,0.569059909,,,,,,,,,,,,,,,,,0.539,,,,,,,0.446034725,,,,
Indiana,IN,2014,0.863,0.753,0.762876254,0.745030251,0.723188406,,0.56848785,,,,,,,,,,,,,,,,,0.591,,,,,,,0.500232162,,,,
Iowa,IA,2014,0.898,0.834,0.912031048,0.716654961,0.823529412,,0.631965944,,,,,,,,,,,,,,,,,0.647,,,,,,,0.506578947,,,,
Kansas,KS,2014,0.842,0.719,0.750720461,0.681172136,0.674693321,,0.479795998,,,,,,,,,,,,,,,,,0.522,,,,,,,0.34941829,,,,
Kentucky,KY,2014,0.816,0.658,0.620574163,0.696668324,0.61912895,,0.3864911,,,,,,,,,,,,,,,,,0.448,,,,,,,0.413069983,,,,
Louisiana,LA,2014,0.722,0.695,0.69935929,0.691390235,0.673851255,,0.395373514,,,,,,,,,,,,,,,,,0.316,,,,,,,0.206166428,,,,
Maine,ME,2014,0.806,0.683,0.808911479,0.559680599,0.669274325,,0.542230474,,,,,,,,,,,,,,,,,0.493,,,,,,,0.421833585,,,,
Maryland,MD,2014,0.843,0.757,0.772205207,0.747568319,0.740895626,,0.553823954,,,,,,,,,,,,,,,,,0.479,,,,,,,0.404761905,,,,
Massachusetts,MA,2014,0.864,0.766,0.684797147,0.845079502,0.718143123,,0.625820569,,,,,,,,,,,,,,,,,0.587,,,,,,,0.575382932,,,,
Michigan,MI,2014,0.806,0.695,0.714682032,0.678268711,0.682605206,,0.425178379,,,,,,,,,,,,,,,,,0.461,,,,,,,0.375134395,,,,
Minnesota,MN,2014,0.971,0.886,0.889070147,0.882177033,0.836959762,,0.755812139,,,,,,,,,,,,,,,,,0.745,,,,,,,0.561554065,,,,
Mississippi,MS,2014,0.811,0.713,0.723695617,0.702618414,0.695719443,,0.482150727,,,,,,,,,,,,,,,,,0.572,,,,,,,0.515204936,,,,
Missouri,MO,2014,0.873,0.717,0.849040867,0.613355049,0.6875,,0.497348693,,,,,,,,,,,,,,,,,0.535,,,,,,,0.469555677,,,,
Montana,MT,2014,0.881,0.826,0.851720293,0.803922379,0.786610375,,0.566213085,,,,,,,,,,,,,,,,,0.667,,,,,,,0.530919633,,,,
National,US,2014,0.828,0.741,0.7855,0.7033,0.7198,,0.52,0.47,,,,,,,,,,,,,,,,0.505,,,,,,,0.42,0.37,0.27,0.57,
Nebraska,NE,2014,0.856,0.772,0.815349442,0.735615934,0.746162928,,0.54473161,,,,,,,,,,,,,,,,,0.521,,,,,,,0.514910537,,,,
Nevada,NV,2014,0.802,0.719,0.711806694,0.723294598,0.713477851,,0.442086649,,,,,,,,,,,,,,,,,0.318,,,,,,,0.334215592,,,,
New Hampshire,NH,2014,0.831,0.729,0.776216851,0.692192984,0.69564246,,0.40314559,,,,,,,,,,,,,,,,,0.471,,,,,,,0.410812272,,,,
New Jersey,NJ,2014,0.777,0.721,0.669618791,0.770593607,0.71004878,,0.3501734,,,,,,,,,,,,,,,,,0.292,,,,,,,0.25138251,,,,
New Mexico,NM,2014,0.8,0.753,0.805725236,0.720605496,0.732401398,,0.558321807,,,,,,,,,,,,,,,,,0.384,,,,,,,0.437070931,,,,
New York,NY,2014,0.799,0.755,0.849967596,0.693154886,0.732108988,,0.498580809,,,,,,,,,,,,,,,,,0.47,,,,,,,0.377970769,,,,
North Carolina,NC,2014,0.944,0.848,0.870781717,0.824686554,0.837126437,,0.634830254,,,,,,,,,,,,,,,,,0.651,,,,,,,0.515792866,,,,
North Dakota,ND,2014,0.916,0.812,0.782891946,0.835898872,0.710960338,,0.728143796,,,,,,,,,,,,,,,,,0.791,,,,,,,0.711554041,,,,
Ohio,OH,2014,0.814,0.729,0.801962088,0.66142703,0.691417638,,0.612173078,,,,,,,,,,,,,,,,,0.561,,,,,,,0.449092218,,,,
Oklahoma,OK,2014,0.859,0.688,0.787815126,0.586390218,0.698412698,,0.425891678,,,,,,,,,,,,,,,,,0.45,,,,,,,0.373051519,,,,
Oregon,OR,2014,0.889,0.85,0.910972089,0.805623902,0.81962934,,0.696526508,,,,,,,,,,,,,,,,,0.581,,,,,,,0.620150315,,,,
Pennsylvania,PA,2014,0.814,0.762,0.767559232,0.756803908,0.745309321,,0.563374015,,,,,,,,,,,,,,,,,0.564,,,,,,,0.520976354,,,,
Rhode Island,RI,2014,0.709,0.618,0.789809653,0.456950206,0.600602293,,0.420292154,,,,,,,,,,,,,,,,,0.356,,,,,,,0.298452571,,,,
South Carolina,SC,2014,0.884,0.808,0.848320158,0.768436578,0.798393366,,0.470805617,,,,,,,,,,,,,,,,,0.458,,,,,,,0.412416851,,,,
South Dakota,SD,2014,0.978,0.861,0.951278107,0.787491049,0.772110641,,0.701499631,,,,,,,,,,,,,,,,,0.715,,,,,,,0.550109326,,,,
Tennessee,TN,2014,0.763,0.678,0.669243697,0.68383659,0.674983255,,0.426691729,,,,,,,,,,,,,,,,,0.385,,,,,,,0.353961828,,,,
Texas,TX,2014,0.814,0.732,0.762579976,0.708128335,0.696117395,,0.479170674,,,,,,,,,,,,,,,,,0.414,,,,,,,0.231795976,,,,
Utah,UT,2014,0.959,0.817,0.833403939,0.802715655,0.8165038,,0.621722846,,,,,,,,,,,,,,,,,0.688,,,,,,,0.505201831,,,,
Vermont,VT,2014,0.906,0.85,0.856574956,0.842847594,0.848149652,,0.503416851,,,,,,,,,,,,,,,,,0.559,,,,,,,0.566627433,,,,
Virginia,VA,2014,0.846,0.706,0.71048951,0.701529052,0.698837797,,0.513322458,,,,,,,,,,,,,,,,,0.465,,,,,,,0.316693855,,,,
Washington,WA,2014,0.887,0.726,0.727156386,0.725340945,0.675891759,,0.644850545,,,,,,,,,,,,,,,,,0.59,,,,,,,0.503754073,,,,
West Virginia,WV,2014,0.783,0.761,0.804379541,0.709865172,0.713802436,,0.479404194,,,,,,,,,,,,,,,,,0.422,,,,,,,0.34038727,,,,
Wisconsin,WI,2014,0.919,0.825,0.901061174,0.756519274,0.822807466,,0.682263815,,,,,,,,,,,,,,,,,0.735,,,,,,,0.653149138,,,,
Wyoming,WY,2014,0.901,0.768,0.879304102,0.671928179,0.758149824,,0.53627187,,,,,,,,,,,,,,,,,0.491,,,,,,,0.310705071,,,,
Alabama,AL,2013,0.73,,,,,,0.38,,,,,,,,,,,,,,,,,0.48,0.5,0.54,0.4,0.74,0.48,0.38,,,,,0.56
Alaska,AK,2013,0.79,,,,,,0.44,,,,,,,,,,,,,,,,,0.5,0.52,0.37,0.39,0.75,0.67,0.46,,,,,0.73
Arizona,AZ,2013,0.88,,,,,,0.57,,,,,,,,,,,,,,,,,0.51,0.63,0.62,0.44,0.8,0.51,0.53,,,,,0.76
Arkansas,AR,2013,0.79,,,,,,0.42,,,,,,,,,,,,,,,,,0.46,0.55,0.38,0.45,0.77,0.57,0.53,,,,,0.7
California,CA,2013,0.8,,,,,,0.58,,,,,,,,,,,,,,,,,0.54,0.61,0.42,0.43,0.74,0.55,0.5,,,,,0.69
Colorado,CO,2013,0.84,,,,,,0.46,,,,,,,,,,,,,,,,,0.39,0.44,0.34,0.32,0.77,0.58,0.51,,,,,0.69
Connecticut,CT,2013,0.7,,,,,,0.33,,,,,,,,,,,,,,,,,0.3,0.38,0,0.3,0.68,0.39,0.39,,,,,0.52
Delaware,DE,2013,0.8,,,,,,0.35,,,,,,,,,,,,,,,,,0.47,0.59,0,0.46,0.78,0.37,0.41,,,,,0.67
District Of Columbia,DC,2013,0.81,,,,,,0.38,,,,,,,,,,,,,,,,,0.31,0.25,0,0.1,0.71,0.59,0.42,,,,,0.58
Florida,FL,2013,0.77,,,,,,0.53,,,,,,,,,,,,,,,,,0.47,0.49,1,0.45,0.77,0.53,0.48,,,,,0.7
Georgia,GA,2013,0.79,,,,,,0.44,,,,,,,,,,,,,,,,,0.43,0.49,0.67,0.4,0.71,0.58,0.44,,,,,0.67
Hawaii,HI,2013,0.82,,,,,,0.51,,,,,,,,,,,,,,,,,0.52,0.62,0.39,0.41,0.72,0.55,0.58,,,,,0.75
Idaho,ID,2013,0.73,,,,,,0.47,,,,,,,,,,,,,,,,,0.42,0.5,0.41,0.37,0.68,0.43,0.44,,,,,0.68
Illinois,IL,2013,0.85,,,,,,0.58,,,,,,,,,,,,,,,,,0.59,0.5,0.29,0.48,0.83,0.6,0.42,,,,,0.78
Indiana,IN,2013,0.82,,,,,,0.49,,,,,,,,,,,,,,,,,0.54,0.63,0.56,0.48,0.82,0.54,0.5,,,,,0.62
Iowa,IA,2013,0.85,,,,,,0.42,,,,,,,,,,,,,,,,,0.66,0.71,0.71,0.55,0.79,0.62,0.5,,,,,0.75
Kansas,KS,2013,0.83,,,,,,0.46,,,,,,,,,,,,,,,,,0.53,0.58,0.51,0.47,0.8,0.56,0.5,,,,,0.7
Kentucky,KY,2013,0.74,,,,,,0.4,,,,,,,,,,,,,,,,,0.42,0.52,0.43,0.41,0.75,0.52,0.41,,,,,0.61
Louisiana,LA,2013,0.74,,,,,,0.42,,,,,,,,,,,,,,,,,0.39,0.39,0.38,0.25,0.69,0.48,0.37,,,,,0.65
Maine,ME,2013,0.77,,,,,,0.42,,,,,,,,,,,,,,,,,0.45,0.57,0.43,0.43,0.75,0.58,0.52,,,,,0.72
Maryland,MD,2013,0.73,,,,,,0.39,,,,,,,,,,,,,,,,,0.37,0.42,0.5,0.25,0.72,0.4,0.38,,,,,0.58
Massachusetts,MA,2013,0.91,,,,,,0.58,,,,,,,,,,,,,,,,,0.71,0.8,0,0.59,0.9,0.57,0.51,,,,,0.78
Michigan,MI,2013,0.69,,,,,,0.49,,,,,,,,,,,,,,,,,0.48,0.5,0.37,0.46,0.74,0.4,0.5,,,,,0.65
Minnesota,MN,2013,0.94,,,,,,0.72,,,,,,,,,,,,,,,,,0.75,0.77,0.76,0.62,0.9,0.84,0.77,,,,,0.87
Mississippi,MS,2013,0.7,,,,,,0.42,,,,,,,,,,,,,,,,,0.4,0.49,0.29,0.35,0.64,0.5,0.42,,,,,0.62
Missouri,MO,2013,0.82,,,,,,0.49,,,,,,,,,,,,,,,,,0.47,0.46,0.57,0.4,0.81,0.53,0.52,,,,,0.74
Montana,MT,2013,0.73,,,,,,0.42,,,,,,,,,,,,,,,,,0.47,0.55,0.46,0.42,0.81,0.6,0.5,,,,,0.63
National,US,2013,0.78,,,,,,0.4,0.33,,,,,,,,,,,,,,,,0.48,0.53,0.46,0.41,0.77,0.53,0.47,0.39,,,0.46,0.68
Nebraska,NE,2013,0.72,,,,,,0.43,,,,,,,,,,,,,,,,,0.45,0.5,0.35,0.33,0.75,0.53,0.48,,,,,0.65
Nevada,NV,2013,0.72,,,,,,0.35,,,,,,,,,,,,,,,,,0.33,0.41,0,0.27,0.78,0.35,0.29,,,,,0.6
New Hampshire,NH,2013,0.79,,,,,,0.53,,,,,,,,,,,,,,,,,0.55,0.67,0.69,0.42,0.73,0.53,0.48,,,,,0.7
New Jersey,NJ,2013,0.66,,,,,,0.28,,,,,,,,,,,,,,,,,0.21,0.2,0,0.17,0.65,0.39,0.3,,,,,0.53
New Mexico,NM,2013,0.85,,,,,,0.43,,,,,,,,,,,,,,,,,0.53,0.49,0.35,0.42,0.74,0.6,0.54,,,,,0.58
New York,NY,2013,0.7,,,,,,0.42,,,,,,,,,,,,,,,,,0.4,0.43,0.67,0.34,0.77,0.47,0.33,,,,,0.59
North Carolina,NC,2013,0.85,,,,,,0.49,,,,,,,,,,,,,,,,,0.51,0.56,0.57,0.5,0.82,0.59,0.6,,,,,0.74
North Dakota,ND,2013,0.9,,,,,,0.66,,,,,,,,,,,,,,,,,0.83,0.87,0.85,0.71,0.95,0.83,0.82,,,,,0.81
Ohio,OH,2013,0.77,,,,,,0.39,,,,,,,,,,,,,,,,,0.52,0.6,0.59,0.48,0.8,0.52,0.51,,,,,0.7
Oklahoma,OK,2013,0.85,,,,,,0.44,,,,,,,,,,,,,,,,,0.37,0.27,0.33,0.37,0.72,0.51,0.36,,,,,0.79
Oregon,OR,2013,0.88,,,,,,0.62,,,,,,,,,,,,,,,,,0.65,0.64,0.46,0.56,0.84,0.68,0.49,,,,,0.76
Pennsylvania,PA,2013,0.74,,,,,,0.44,,,,,,,,,,,,,,,,,0.42,0.4,0.19,0.35,0.79,0.48,0.48,,,,,0.68
Rhode Island,RI,2013,0.75,,,,,,0.49,,,,,,,,,,,,,,,,,0.4,0.57,0,0.36,0.74,0.4,0.39,,,,,0.57
South Carolina,SC,2013,0.77,,,,,,0.4,,,,,,,,,,,,,,,,,0.39,0.45,0.2,0.37,0.72,0.52,0.49,,,,,0.61
South Dakota,SD,2013,0.87,,,,,,0.47,,,,,,,,,,,,,,,,,0.58,0.69,0.59,0.46,0.83,0.55,0.53,,,,,0.74
Tennessee,TN,2013,0.83,,,,,,0.5,,,,,,,,,,,,,,,,,0.41,0.55,0.57,0.39,0.72,0.48,0.49,,,,,0.72
Texas,TX,2013,0.73,,,,,,0.47,,,,,,,,,,,,,,,,,0.43,0.56,0,0.4,0.69,0.51,0.5,,,,,0.68
Utah,UT,2013,0.87,,,,,,0.64,,,,,,,,,,,,,,,,,0.66,0.72,0.6,0.58,0.84,0.51,0.4,,,,,0.68
Vermont,VT,2013,0.84,,,,,,0.48,,,,,,,,,,,,,,,,,0.37,0.46,0.34,0.3,0.78,0.62,0.47,,,,,0.75
Virginia,VA,2013,0.83,,,,,,0.54,,,,,,,,,,,,,,,,,0.51,0.58,0.41,0.45,0.77,0.63,0.55,,,,,0.72
Washington,WA,2013,0.81,,,,,,0.58,,,,,,,,,,,,,,,,,0.61,0.56,0.84,0.44,0.83,0.56,0.58,,,,,0.73
West Virginia,WV,2013,0.75,,,,,,0.36,,,,,,,,,,,,,,,,,0.37,0.46,0.32,0.27,0.7,0.56,0.46,,,,,0.63
Wisconsin,WI,2013,0.93,,,,,,0.64,,,,,,,,,,,,,,,,,0.68,0.68,0.52,0.55,0.94,0.75,0.66,,,,,0.83
Wyoming,WY,2013,0.8,,,,,,0.4,,,,,,,,,,,,,,,,,0.37,0.38,0.38,0.39,0.71,0.46,0.36,,,,,0.67
Alabama,AL,2012,,,,,,, ,,,,,,,,,,,,,,,,,0.35,0.38, ,0.34,0.69,0.4,0.45,,,,, 
Alaska,AK,2012,,,,,,, ,,,,,,,,,,,,,,,,,0.36,0.44, ,0.31,0.73,0.52,0.44,,,,, 
Arizona,AZ,2012,,,,,,, ,,,,,,,,,,,,,,,,,0.48,0.59, ,0.45,0.73,0.44,0.4,,,,, 
Arkansas,AR,2012,,,,,,, ,,,,,,,,,,,,,,,,,0.46,0.48, ,0.44,0.68,0.4,0.39,,,,, 
California,CA,2012,,,,,,, ,,,,,,,,,,,,,,,,,0.37,0.4, ,0.24,0.68,0.43,0.44,,,,, 
Colorado,CO,2012,,,,,,, ,,,,,,,,,,,,,,,,,0.4,0.36, ,0.33,0.72,0.52,0.54,,,,, 
Connecticut,CT,2012,,,,,,, ,,,,,,,,,,,,,,,,,0.27,0.23, ,0.25,0.69,0.36,0.3,,,,, 
Delaware,DE,2012,,,,,,, ,,,,,,,,,,,,,,,,,0.53,0.68, ,0.54,0.83,0.28,0.47,,,,, 
District Of Columbia,DC,2012,,,,,,, ,,,,,,,,,,,,,,,,, , , , ,0.73,0.31,0.43,,,,, 
Florida,FL,2012,,,,,,, ,,,,,,,,,,,,,,,,,0.42,0.42, ,0.41,0.63,0.38,0.39,,,,, 
Georgia,GA,2012,,,,,,, ,,,,,,,,,,,,,,,,,0.28,0.28, ,0.25,0.67,0.41,0.33,,,,, 
Hawaii,HI,2012,,,,,,, ,,,,,,,,,,,,,,,,,0.37, , ,0.31,0.77,0.32,0.36,,,,, 
Idaho,ID,2012,,,,,,, ,,,,,,,,,,,,,,,,,0.42,0.51, ,0.33,0.75,0.47,0.44,,,,, 
Illinois,IL,2012,,,,,,, ,,,,,,,,,,,,,,,,,0.36,0.41, ,0.3,0.76,0.49,0.41,,,,, 
Indiana,IN,2012,,,,,,, ,,,,,,,,,,,,,,,,,0.39,0.43, ,0.34,0.68,0.46,0.4,,,,, 
Iowa,IA,2012,,,,,,, ,,,,,,,,,,,,,,,,,0.55,0.56, ,0.39,0.87,0.68,0.57,,,,, 
Kansas,KS,2012,,,,,,, ,,,,,,,,,,,,,,,,,0.37,0.42, ,0.32,0.72,0.47,0.44,,,,, 
Kentucky,KY,2012,,,,,,, ,,,,,,,,,,,,,,,,,0.27,0.34, ,0.27,0.63,0.4,0.31,,,,, 
Louisiana,LA,2012,,,,,,, ,,,,,,,,,,,,,,,,,0.25,0.32, ,0.25,0.72,0.32,0.29,,,,, 
Maine,ME,2012,,,,,,, ,,,,,,,,,,,,,,,,,0.38,0.53, ,0.34,0.68,0.4,0.42,,,,, 
Maryland,MD,2012,,,,,,, ,,,,,,,,,,,,,,,,,0.27, , ,0.22,0.68,0.39,0.43,,,,, 
Massachusetts,MA,2012,,,,,,, ,,,,,,,,,,,,,,,,,0.62,0.73, ,0.52,0.88,0.55,0.48,,,,, 
Michigan,MI,2012,,,,,,, ,,,,,,,,,,,,,,,,,0.38,0.51, ,0.34,0.79,0.44,0.39,,,,, 
Minnesota,MN,2012,,,,,,, ,,,,,,,,,,,,,,,,,0.67,0.66, ,0.49,0.84,0.72,0.66,,,,, 
Mississippi,MS,2012,,,,,,, ,,,,,,,,,,,,,,,,,0.33,0.4, ,0.26,0.64,0.42,0.44,,,,, 
Missouri,MO,2012,,,,,,, ,,,,,,,,,,,,,,,,,0.49,0.55, ,0.44,0.73,0.52,0.42,,,,, 
Montana,MT,2012,,,,,,, ,,,,,,,,,,,,,,,,,0.36,0.48, ,0.31,0.7,0.43,0.3,,,,, 
National,US,2012,,,,,,, ,,,,,,,,,,,,,,,,,0.4,0.44,0.4,0.34,0.73,0.45,0.43,,,,, 
Nebraska,NE,2012,,,,,,, ,,,,,,,,,,,,,,,,,0.33,0.36, ,0.29,0.71,0.51,0.47,,,,, 
Nevada,NV,2012,,,,,,, ,,,,,,,,,,,,,,,,,0.34,0.39, ,0.34,0.7,0.42,0.42,,,,, 
New Hampshire,NH,2012,,,,,,, ,,,,,,,,,,,,,,,,,0.45,0.56, ,0.4,0.77,0.47,0.48,,,,, 
New Jersey,NJ,2012,,,,,,, ,,,,,,,,,,,,,,,,,0.27, , ,0.26,0.67,0.26,0.33,,,,, 
New Mexico,NM,2012,,,,,,, ,,,,,,,,,,,,,,,,,0.43,0.47, ,0.43,0.73,0.43,0.37,,,,, 
New York,NY,2012,,,,,,, ,,,,,,,,,,,,,,,,,0.43,0.46, ,0.39,0.77,0.45,0.45,,,,, 
North Carolina,NC,2012,,,,,,, ,,,,,,,,,,,,,,,,,0.48,0.61, ,0.5,0.8,0.52,0.46,,,,, 
North Dakota,ND,2012,,,,,,, ,,,,,,,,,,,,,,,,,0.63,0.59, ,0.64,0.86,0.74,0.66,,,,, 
Ohio,OH,2012,,,,,,, ,,,,,,,,,,,,,,,,,0.34,0.44, ,0.31,0.73,0.37,0.41,,,,, 
Oklahoma,OK,2012,,,,,,, ,,,,,,,,,,,,,,,,,0.4,0.49, ,0.37,0.71,0.44,0.41,,,,, 
Oregon,OR,2012,,,,,,, ,,,,,,,,,,,,,,,,,0.38,0.51, ,0.33,0.75,0.49,0.44,,,,, 
Pennsylvania,PA,2012,,,,,,, ,,,,,,,,,,,,,,,,,0.35,0.38, ,0.35,0.78,0.45,0.41,,,,, 
Rhode Island,RI,2012,,,,,,, ,,,,,,,,,,,,,,,,,0.37,0.51, ,0.35,0.64,0.34,0.33,,,,, 
South Carolina,SC,2012,,,,,,, ,,,,,,,,,,,,,,,,,0.3,0.3, ,0.25,0.69,0.38,0.35,,,,, 
South Dakota,SD,2012,,,,,,, ,,,,,,,,,,,,,,,,,0.53,0.61, ,0.59,0.81,0.62,0.51,,,,, 
Tennessee,TN,2012,,,,,,, ,,,,,,,,,,,,,,,,,0.41,0.49, ,0.37,0.76,0.5,0.34,,,,, 
Texas,TX,2012,,,,,,, ,,,,,,,,,,,,,,,,,0.33,0.38, ,0.3,0.68,0.44,0.42,,,,, 
Utah,UT,2012,,,,,,, ,,,,,,,,,,,,,,,,,0.61,0.58, ,0.53,0.76,0.5,0.53,,,,, 
Vermont,VT,2012,,,,,,, ,,,,,,,,,,,,,,,,,0.36,0.39, ,0.33,0.75,0.5,0.49,,,,, 
Virginia,VA,2012,,,,,,, ,,,,,,,,,,,,,,,,,0.3,0.32, ,0.25,0.69,0.38,0.38,,,,, 
Washington,WA,2012,,,,,,, ,,,,,,,,,,,,,,,,,0.49,0.52, ,0.36,0.8,0.52,0.57,,,,, 
West Virginia,WV,2012,,,,,,, ,,,,,,,,,,,,,,,,,0.39,0.45, ,0.34,0.79,0.4,0.46,,,,, 
Wisconsin,WI,2012,,,,,,, ,,,,,,,,,,,,,,,,,0.71,0.75, ,0.61,0.88,0.75,0.63,,,,, 
Wyoming,WY,2012,,,,,,, ,,,,,,,,,,,,,,,,,0.33,0.41, ,0.33,0.67,0.3,0.3,,,,, 
Alabama,AL,2011,,,,,,, ,,,,,,,,,,,,,,,,,0.26,0.29, ,0.27,0.6,0.26, ,,,,, 
Alaska,AK,2011,,,,,,, ,,,,,,,,,,,,,,,,,0.29,0.37, ,0.24,0.69,0.48, ,,,,, 
Arizona,AZ,2011,,,,,,, ,,,,,,,,,,,,,,,,,0.37,0.56, ,0.39,0.61,0.41, ,,,,, 
Arkansas,AR,2011,,,,,,, ,,,,,,,,,,,,,,,,,0.24,0.21, ,0.24,0.67,0.43, ,,,,, 
California,CA,2011,,,,,,, ,,,,,,,,,,,,,,,,,0.4,0.38, ,0.32,0.61,0.38, ,,,,, 
Colorado,CO,2011,,,,,,, ,,,,,,,,,,,,,,,,,0.36,0.42, ,0.29,0.74,0.44, ,,,,, 
Connecticut,CT,2011,,,,,,, ,,,,,,,,,,,,,,,,,0.31,0.32, ,0.31,0.77,0.29, ,,,,, 
Delaware,DE,2011,,,,,,, ,,,,,,,,,,,,,,,,,0.37,0.47, ,0.31,0.75,0.19, ,,,,, 
District Of Columbia,DC,2011,,,,,,, ,,,,,,,,,,,,,,,,,0.21, , , ,0.63,0.42, ,,,,, 
Florida,FL,2011,,,,,,, ,,,,,,,,,,,,,,,,,0.28,0.4, ,0.24,0.66,0.28, ,,,,, 
Georgia,GA,2011,,,,,,, ,,,,,,,,,,,,,,,,,0.31,0.38, ,0.3,0.69,0.37, ,,,,, 
Hawaii,HI,2011,,,,,,, ,,,,,,,,,,,,,,,,,0.47,0.54, ,0.42,0.69,0.45, ,,,,, 
Idaho,ID,2011,,,,,,, ,,,,,,,,,,,,,,,,,0.25,0.29, ,0.19,0.71,0.28, ,,,,, 
Illinois,IL,2011,,,,,,, ,,,,,,,,,,,,,,,,,0.28,0.33, ,0.27,0.65,0.39, ,,,,, 
Indiana,IN,2011,,,,,,, ,,,,,,,,,,,,,,,,,0.34,0.28, ,0.33,0.72,0.32, ,,,,, 
Iowa,IA,2011,,,,,,, ,,,,,,,,,,,,,,,,,0.49,0.49, ,0.4,0.73,0.49, ,,,,, 
Kansas,KS,2011,,,,,,, ,,,,,,,,,,,,,,,,,0.31,0.34, ,0.28,0.69,0.33, ,,,,, 
Kentucky,KY,2011,,,,,,, ,,,,,,,,,,,,,,,,,0.28,0.28, ,0.28,0.57,0.26, ,,,,, 
Louisiana,LA,2011,,,,,,, ,,,,,,,,,,,,,,,,,0.16, , , ,0.44,0.21, ,,,,, 
Maine,ME,2011,,,,,,, ,,,,,,,,,,,,,,,,,0.33,0.53, ,0.34,0.67,0.38, ,,,,, 
Maryland,MD,2011,,,,,,, ,,,,,,,,,,,,,,,,,0.31,0.32, ,0.28,0.59,0.35, ,,,,, 
Massachusetts,MA,2011,,,,,,, ,,,,,,,,,,,,,,,,,0.44,0.49, ,0.41,0.79,0.39, ,,,,, 
Michigan,MI,2011,,,,,,, ,,,,,,,,,,,,,,,,,0.3,0.29, ,0.23,0.62,0.28, ,,,,, 
Minnesota,MN,2011,,,,,,, ,,,,,,,,,,,,,,,,,0.61,0.62, ,0.49,0.84,0.56, ,,,,, 
Mississippi,MS,2011,,,,,,, ,,,,,,,,,,,,,,,,,0.2, , ,0.19,0.62,0.23, ,,,,, 
Missouri,MO,2011,,,,,,, ,,,,,,,,,,,,,,,,,0.33,0.41, ,0.26,0.68,0.35, ,,,,, 
Montana,MT,2011,,,,,,, ,,,,,,,,,,,,,,,,,0.38,0.51, ,0.28,0.72,0.41, ,,,,, 
National,US,2011,,,,,,, ,,,,,,,,,,,,,,,,,0.34,0.39,0.38,0.29,0.67,0.35, ,,,,, 
Nebraska,NE,2011,,,,,,, ,,,,,,,,,,,,,,,,,0.36,0.42, ,0.37,0.75,0.4, ,,,,, 
Nevada,NV,2011,,,,,,, ,,,,,,,,,,,,,,,,,0.23,0.28, ,0.18,0.5,0.29, ,,,,, 
New Hampshire,NH,2011,,,,,,, ,,,,,,,,,,,,,,,,,0.38,0.46, ,0.37,0.76,0.32, ,,,,, 
New Jersey,NJ,2011,,,,,,, ,,,,,,,,,,,,,,,,,0.16, , , ,0.55,0.21, ,,,,, 
New Mexico,NM,2011,,,,,,, ,,,,,,,,,,,,,,,,,0.28,0.29, ,0.23,0.64,0.34, ,,,,, 
New York,NY,2011,,,,,,, ,,,,,,,,,,,,,,,,,0.35,0.43, ,0.28,0.74,0.28, ,,,,, 
North Carolina,NC,2011,,,,,,, ,,,,,,,,,,,,,,,,,0.31,0.41, ,0.26,0.67,0.27, ,,,,, 
North Dakota,ND,2011,,,,,,, ,,,,,,,,,,,,,,,,,0.58,0.67, ,0.43,0.82,0.56, ,,,,, 
Ohio,OH,2011,,,,,,, ,,,,,,,,,,,,,,,,,0.32,0.49, ,0.3,0.68,0.41, ,,,,, 
Oklahoma,OK,2011,,,,,,, ,,,,,,,,,,,,,,,,,0.28,0.43, ,0.3,0.59,0.31, ,,,,, 
Oregon,OR,2011,,,,,,, ,,,,,,,,,,,,,,,,,0.55,0.52, ,0.43,0.82,0.45, ,,,,, 
Pennsylvania,PA,2011,,,,,,, ,,,,,,,,,,,,,,,,,0.27,0.29, ,0.21,0.75,0.31, ,,,,, 
Puerto Rico,PR,2011,,,,,,, ,,,,,,,,,,,,,,,,, , , , , , , ,,,,, 
Rhode Island,RI,2011,,,,,,, ,,,,,,,,,,,,,,,,,0.29,0.48, ,0.3,0.7,0.26, ,,,,, 
South Carolina,SC,2011,,,,,,, ,,,,,,,,,,,,,,,,,0.19, , ,0,0.61,0.3, ,,,,, 
South Dakota,SD,2011,,,,,,, ,,,,,,,,,,,,,,,,,0.41,0.51, ,0.47,0.71,0.46, ,,,,, 
Tennessee,TN,2011,,,,,,, ,,,,,,,,,,,,,,,,,0.29,0.24, ,0.23,0.59,0.33, ,,,,, 
Texas,TX,2011,,,,,,, ,,,,,,,,,,,,,,,,,0.34,0.42, ,0.29,0.65,0.41, ,,,,, 
Utah,UT,2011,,,,,,, ,,,,,,,,,,,,,,,,,0.49,0.61, ,0.49,0.86,0.4, ,,,,, 
Vermont,VT,2011,,,,,,, ,,,,,,,,,,,,,,,,,0.36,0.37, ,0.28,0.76,0.47, ,,,,, 
Virginia,VA,2011,,,,,,, ,,,,,,,,,,,,,,,,,0.29,0.32, ,0.24,0.68,0.34, ,,,,, 
Washington,WA,2011,,,,,,, ,,,,,,,,,,,,,,,,,0.55,0.61, ,0.49,0.79,0.58, ,,,,, 
West Virginia,WV,2011,,,,,,, ,,,,,,,,,,,,,,,,,0.28,0.38, ,0.26,0.64,0.27, ,,,,, 
Wisconsin,WI,2011,,,,,,, ,,,,,,,,,,,,,,,,,0.6,0.68, ,0.57,0.88,0.56, ,,,,, 
Wyoming,WY,2011,,,,,,, ,,,,,,,,,,,,,,,,,0.27,0.31, ,0.28,0.57,0.29, ,,,,, 
Alabama,AL,2010,,,,,,, ,,,,,,,,,,,,,,,,,0.23, , ,0.22,0.66,0.23, ,,,,, 
Alaska,AK,2010,,,,,,, ,,,,,,,,,,,,,,,,,0.29,0.34, ,0.25,0.69,0.38, ,,,,, 
Arizona,AZ,2010,,,,,,, ,,,,,,,,,,,,,,,,,0.26, , ,0.21,0.6,0.29, ,,,,, 
Arkansas,AR,2010,,,,,,, ,,,,,,,,,,,,,,,,,0.24,0.31, ,0.18,0.6,0.34, ,,,,, 
California,CA,2010,,,,,,, ,,,,,,,,,,,,,,,,,0.22,0.28, ,0.17,0.6,0.2, ,,,,, 
Colorado,CO,2010,,,,,,, ,,,,,,,,,,,,,,,,,0.27,0.36, ,0.21,0.62,0.37, ,,,,, 
Connecticut,CT,2010,,,,,,, ,,,,,,,,,,,,,,,,,0.15,0.24, ,0.14,0.68,0.17, ,,,,, 
Delaware,DE,2010,,,,,,, ,,,,,,,,,,,,,,,,,0.21,0.24, ,0.21,0.65,0.17, ,,,,, 
Florida,FL,2010,,,,,,, ,,,,,,,,,,,,,,,,,0.22,0.24, ,0.2,0.53,0.26, ,,,,, 
Georgia,GA,2010,,,,,,, ,,,,,,,,,,,,,,,,,0.22,0.34, ,0.17,0.62,0.33, ,,,,, 
Hawaii,HI,2010,,,,,,, ,,,,,,,,,,,,,,,,,0.36,0.36, ,0.27,0.59,0.35, ,,,,, 
Idaho,ID,2010,,,,,,, ,,,,,,,,,,,,,,,,,0.24,0.3, ,0.23,0.63,0.27, ,,,,, 
Illinois,IL,2010,,,,,,, ,,,,,,,,,,,,,,,,,0.17,0.25, , ,0.69,0.35, ,,,,, 
Indiana,IN,2010,,,,,,, ,,,,,,,,,,,,,,,,,0.24,0.32, ,0.22,0.69,0.3, ,,,,, 
Iowa,IA,2010,,,,,,, ,,,,,,,,,,,,,,,,,0.38,0.43, ,0.32,0.66,0.39, ,,,,, 
Kansas,KS,2010,,,,,,, ,,,,,,,,,,,,,,,,,0.27,0.27, ,0.21,0.62,0.36, ,,,,, 
Kentucky,KY,2010,,,,,,, ,,,,,,,,,,,,,,,,,0.15, , ,0.15,0.6,0.29, ,,,,, 
Louisiana,LA,2010,,,,,,, ,,,,,,,,,,,,,,,,,0.21,0.25, ,0.21,0.51,0.31, ,,,,, 
Maine,ME,2010,,,,,,, ,,,,,,,,,,,,,,,,,0.29,0.41, ,0.27,0.66,0.37, ,,,,, 
Maryland,MD,2010,,,,,,, ,,,,,,,,,,,,,,,,,0.12, , ,0.12,0.55,0.31, ,,,,, 
Massachusetts,MA,2010,,,,,,, ,,,,,,,,,,,,,,,,,0.42,0.45, ,0.33,0.83,0.37, ,,,,, 
Michigan,MI,2010,,,,,,, ,,,,,,,,,,,,,,,,,0.25,0.28, ,0.23,0.7,0.25, ,,,,, 
Minnesota,MN,2010,,,,,,, ,,,,,,,,,,,,,,,,,0.5,0.58, ,0.45,0.88,0.62, ,,,,, 
Mississippi,MS,2010,,,,,,, ,,,,,,,,,,,,,,,,,0.33,0.35, ,0.32,0.64,0.41, ,,,,, 
Missouri,MO,2010,,,,,,, ,,,,,,,,,,,,,,,,,0.19, , ,0.17,0.68,0.26, ,,,,, 
Montana,MT,2010,,,,,,, ,,,,,,,,,,,,,,,,,0.28,0.41, ,0.23,0.63,0.33, ,,,,, 
National,US,2010,,,,,,, ,,,,,,,,,,,,,,,,,0.25,0.3,0.3,0.21,0.63,0.29, ,,,,, 
Nebraska,NE,2010,,,,,,, ,,,,,,,,,,,,,,,,,0.27,0.27, ,0.28,0.63,0.36, ,,,,, 
Nevada,NV,2010,,,,,,, ,,,,,,,,,,,,,,,,,0.24,0.26, ,0.23,0.58,0.27, ,,,,, 
New Hampshire,NH,2010,,,,,,, ,,,,,,,,,,,,,,,,,0.42,0.47, ,0.35,0.81,0.33, ,,,,, 
New Jersey,NJ,2010,,,,,,, ,,,,,,,,,,,,,,,,,0.16, , ,0.13,0.55,0.23, ,,,,, 
New Mexico,NM,2010,,,,,,, ,,,,,,,,,,,,,,,,,0.26,0.27, ,0.22,0.65,0.21, ,,,,, 
New York,NY,2010,,,,,,, ,,,,,,,,,,,,,,,,,0.17,0.23, ,0.18,0.51,0.21, ,,,,, 
North Carolina,NC,2010,,,,,,, ,,,,,,,,,,,,,,,,,0.23, , ,0.18,0.6,0.29, ,,,,, 
North Dakota,ND,2010,,,,,,, ,,,,,,,,,,,,,,,,,0.49,0.5, ,0.46,0.78,0.66, ,,,,, 
Ohio,OH,2010,,,,,,, ,,,,,,,,,,,,,,,,,0.26,0.34, ,0.27,0.65,0.22, ,,,,, 
Oklahoma,OK,2010,,,,,,, ,,,,,,,,,,,,,,,,,0.23,0.32, ,0.22,0.54,0.33, ,,,,, 
Oregon,OR,2010,,,,,,, ,,,,,,,,,,,,,,,,,0.5,0.58, ,0.44,0.77,0.51, ,,,,, 
Pennsylvania,PA,2010,,,,,,, ,,,,,,,,,,,,,,,,,0.25,0.28, ,0.23,0.63,0.31, ,,,,, 
Puerto Rico,PR,2010,,,,,,, ,,,,,,,,,,,,,,,,, , , , , , , ,,,,, 
Rhode Island,RI,2010,,,,,,, ,,,,,,,,,,,,,,,,,0.21,0.34, ,0.22,0.62,0.24, ,,,,, 
South Carolina,SC,2010,,,,,,, ,,,,,,,,,,,,,,,,,0.21,0.26, ,0.2,0.65,0.32, ,,,,, 
South Dakota,SD,2010,,,,,,, ,,,,,,,,,,,,,,,,,0.27,0.27, ,0.25,0.66,0.29, ,,,,, 
Tennessee,TN,2010,,,,,,, ,,,,,,,,,,,,,,,,,0.22, , ,0.16,0.58,0.34, ,,,,, 
Texas,TX,2010,,,,,,, ,,,,,,,,,,,,,,,,,0.22,0.29, ,0.19,0.59,0.25, ,,,,, 
Utah,UT,2010,,,,,,, ,,,,,,,,,,,,,,,,,0.52,0.64, ,0.43,0.75,0.33, ,,,,, 
Vermont,VT,2010,,,,,,, ,,,,,,,,,,,,,,,,,0.3,0.34, ,0.27,0.69,0.35, ,,,,, 
Virginia,VA,2010,,,,,,, ,,,,,,,,,,,,,,,,,0.33,0.41, ,0.33,0.73,0.46, ,,,,, 
Washington,WA,2010,,,,,,, ,,,,,,,,,,,,,,,,,0.44,0.49, ,0.41,0.75,0.37, ,,,,, 
District Of Columbia,DC,2010,,,,,,, ,,,,,,,,,,,,,,,,,0.18,0.28, , , , , ,,,,, 
West Virginia,WV,2010,,,,,,, ,,,,,,,,,,,,,,,,,0.2,0.24, ,0.13,0.62,0.3, ,,,,, 
Wisconsin,WI,2010,,,,,,, ,,,,,,,,,,,,,,,,,0.5,0.48, ,0.42,0.83,0.47, ,,,,, 
Wyoming,WY,2010,,,,,,, ,,,,,,,,,,,,,,,,,0.22,0.23, ,0.22,0.5,0.17, ,,,,, 
National,US,2009,,,,,,, ,,,,,,,,,,,,,,,,,0.21,0.2,0.14,0.15,0.61, , ,,,,, 
National,US,2008,,,,,,, ,,,,,,,,,,,,,,,,,0.17,0.2, ,0.13,0.52, , ,,,,, 
